collection,relative_path,bytes,sha256,pages,words,text_method,status,error
data,retrospective_v1/kossakowski_esm/ESMdata/Codebook.pdf,129763,639f73ff2c082969c9634087c0716599d7b9e2bdbd3da7224c6ed4f9a00fe74b,18,2174,embedded_text,ok,
data,retrospective_v1/kossakowski_esm/ESMdata/MissingnessMomentaryItems.pdf,154390,917738648282cd41a51f21dc8ee5786202bf2f7259ed0fb269c54e3a14e969c7,8,926,embedded_text,ok,
data,retrospective_v1/reference_pdfs/Johnson2014_IPIP-NEO-120.pdf,348081,c4eb1633688dd36664ab4fc586beb244a2c5d4b9e90a16c3d06af67f94e9a10b,12,11743,embedded_text,ok,
data,retrospective_v1/reference_pdfs/Kossakowski2017_datapaper_uva.pdf,988981,2a6601a780a389a66b66d5e2b090e3a1c46a2886e8bf796c178f5cbba1e26252,4,2393,embedded_text,ok,
sources_part_1,"01. About, Pros, Cons of DSM/01. What is Wrong with the DSM.pdf",139074,78002b418779e169490857d3ebd8dbd97697ce707dcba755757b367d203f8971,22,10417,embedded_text,ok,
sources_part_1,"01. About, Pros, Cons of DSM/02. Debating DSM-5_ diagnosis and the sociology.pdf",327085,16e78aeae91e51423ea982e06931cdb0842686df2ef1168c94a881dc33426cca,5,4998,embedded_text,ok,
sources_part_1,"01. About, Pros, Cons of DSM/03. Diagnosis and its discontents.pdf",153913,7e4cca54c67410655b7315e8600e8a6c4c7ec578cf29517cce0a9ce618d75d04,19,9063,embedded_text,ok,
sources_part_1,"01. About, Pros, Cons of DSM/04. The DSM-5 Definition of Mental Disorder_Critique and Alternatives.pdf",212981,39cfdb5e0c97b11b160ae5408c1a572232705c85c2be1159c973e08d0d837bb3,24,11571,embedded_text,ok,
sources_part_1,"01. About, Pros, Cons of DSM/05. The DSM and its lure of legitimacy.pdf",178792,0791e7bdfb66c608effa941020604f397e839193d1604ceb3ccc8cae49160e31,22,10690,embedded_text,ok,
sources_part_1,"01. About, Pros, Cons of DSM/06. Critique of DSM, medicalisation and graphic medicine.pdf",1446273,6350b2df0dcb34ebab7705bb2b703fda8c00098ad4a7e4ee81f595e42b1cc474,16,7236,embedded_text,ok,
sources_part_1,"01. About, Pros, Cons of DSM/07. Disorder as harmful dysfunction_A conceptual critique of DSM-III-R's definition of mental disorder..pdf",2149167,edae096515091ba40d4bc0667f33ed12705ff65d6065bd35513f458bdda5ec16,16,16572,embedded_text,ok,
sources_part_1,"01. About, Pros, Cons of DSM/08. Fundamental Flaws of the DSM_Re-Envisioning Diagnosis.pdf",152347,fb8b3c9929374e51677decdb5fb733ba83903b4583fe11246a7cdfe5304ddb5d,16,6603,embedded_text,ok,
sources_part_1,"01. About, Pros, Cons of DSM/09. DSM-5, psychiatric epidemiology and the false positives problem.pdf",347928,2667b8d41823a1d47be556c5fe896b4ea2fa01940a94a584fd35b112c1cac400,10,6686,embedded_text,ok,
sources_part_1,"01. About, Pros, Cons of DSM/10. From diagnosis to dialogue – reconsidering the DSM as a conversation piece in mental health care a hypothesis and theory.pdf",760711,0310a67fb2cb7405c61720aa3493996c24a2bf809856a02d9ffb78582009df62,14,13159,embedded_text,ok,
sources_part_1,"01. About, Pros, Cons of DSM/11. Avoiding the pitfalls of the DSM-5_A primer for health professionals.pdf",570834,245cd05eb92d3579278209fc2dbcdc122ea8724968d6bb5cb56953f0cbfc8dd9,3,2017,embedded_text,ok,
sources_part_1,"01. About, Pros, Cons of DSM/12.DSM-5 controversies.pdf",143005,c6e6115d4581e87dfbc4c7f9015b3bebd6addc8d551fd66e64c4503897683645,5,3885,embedded_text,ok,
sources_part_1,"01. About, Pros, Cons of DSM/13. DSM-5 and two insider critiques.pdf",110958,f26c24a6fa1758a02c79e92acf177f3a57a9700f5e129a68c5fa0f6c2e0ef271,6,2147,embedded_text,ok,
sources_part_1,"01. About, Pros, Cons of DSM/14. Breaking Bad_DSM-5 Description, Criticisms, and Recommendations.pdf",111268,a678acf1680eaf0696c424a1694c442958a4ddb69f4d8940790d2a79e4f51c22,4,3218,embedded_text,ok,
sources_part_1,"01. About, Pros, Cons of DSM/15. The critical reception of the DSM-5_Towards a typology of audiences.pdf",246164,04c7f51e3bb79e369717896ae76277687b7f3db6b765140368afd6ef1ea29647,17,9028,embedded_text,ok,
sources_part_1,"01. About, Pros, Cons of DSM/16. DSM-5 two years later_facts, myths and some key open issues.pdf",77647,96358864baf25658b718f2bafd78583cb98d047c3b2be4b0e1225a5d34607932,3,1893,embedded_text,ok,
sources_part_1,"01. About, Pros, Cons of DSM/17. The DSM-5_Classification and criteria changes.pdf",104547,5b539c25163d3ff8bec074d8a9549db6f836e67847cc4327fa92f743a1c36803,7,5832,embedded_text,ok,
sources_part_1,"01. About, Pros, Cons of DSM/18. DSM-5-TR Rationale, Process, and Overview of Changes.pdf",722363,f0bb5649676c280592d62e8fc9ecbdab8339c31f9587e8e2c94f39f88b5235b5,7,5257,embedded_text,ok,
sources_part_1,"01. About, Pros, Cons of DSM/19. Definitions of “Mental Disorder” from DSM-III to DSM-5.pdf",353715,3541bd404d460660d10859546217ddfdb0ed3d1a2991b38b4c8f2c43414180f0,18,10914,embedded_text,ok,
sources_part_1,"01. About, Pros, Cons of DSM/20. How the DSM is used in clinical practice.pdf",122833,80c10ab0c3681fee39e49870eeff8f46fee07350f51fdf2517fd71a935950d03,5,4751,embedded_text,ok,
sources_part_1,"01. About, Pros, Cons of DSM/21. How Do Clinicians Actually Use the Diagnostic and Statistical Manual of Mental Disorders in Clinical Practice and Why We Need to Know More.pdf",125880,6c5ff9c0c2f24d2dc7864e1865d7a2bc91e54b42fb58a40fe980c693c73e9085,4,4954,embedded_text,ok,
sources_part_1,"01. About, Pros, Cons of DSM/22. Diagnosing the diagnostic and statistical manual of mental disorders.pdf",277708,f3204eedc13e1290bf9a4b47ba38288c38093b93e6921bc4276679c6cf529e8e,5,2232,embedded_text,ok,
sources_part_1,"01. About, Pros, Cons of DSM/23. Problems WithDSM–5Somatic Symptom Disorder.pdf",295389,5650e5b28a4922605b6dee900a2229b8832be8b86428da10708eab3fab6f3083,9,3585,embedded_text,ok,
sources_part_1,"01. About, Pros, Cons of DSM/24. The DSM-5 Alternative Model for Personality Disorders.pdf",6070844,72f9bef2a44f6c04c5ff10abc4b6c95a3da35ea25d860b9ab331a9687307f772,313,126364,embedded_text,ok,
sources_part_1,"01. About, Pros, Cons of DSM/25. DSM-5 - Pros and Cons.pdf",135568,ddb097a20cc680da3279c1f4f90c79fddb8ba2885c8e551cb11e935da809afc1,6,4625,embedded_text,ok,
sources_part_1,"01. About, Pros, Cons of DSM/26. From diagnosis to dialogue – reconsidering the DSM as a conversation piece in mental health care_a hypothesis and theory.pdf",760711,0310a67fb2cb7405c61720aa3493996c24a2bf809856a02d9ffb78582009df62,14,13159,embedded_text,ok,
sources_part_1,"01. About, Pros, Cons of DSM/27. Demand side management_Benefits and challenges.pdf",357131,7b62219b492968381006baa21f0ed9392be93e88128eceea650bbbbf535c6db9,8,7230,embedded_text,ok,
sources_part_1,"01. About, Pros, Cons of DSM/28. The Future of DSM Are Functioning and Quality of Life Essential Elements of a Complete Psychiatric Diagnosis.pdf",177266,41f9039625f96fd07ff4038195b72e229d7f9baf6c1cec1d14da194e73b4f8d2,7,6270,embedded_text,ok,
sources_part_1,"01. About, Pros, Cons of DSM/29. Functional Classification of Psychiatric Disorders A Luminous Future.pdf",83501,c7df2a8c030090285e8b5b5b07b0128422a0f103d38085e894e3cde59bc29a0a,5,3315,embedded_text,ok,
sources_part_1,"01. About, Pros, Cons of DSM/30. Process and Content of DSM-5.pdf",167545,6bd1d375b057fc0b97ce9f68fb87a5ba7195d9b9bccbc911b5fe848fb044fa79,15,9582,embedded_text,ok,
sources_part_1,"01. About, Pros, Cons of DSM/31. Responses to the Publication of the American Psychiatric Association’s DSM-5.pdf",565755,225c8acd850f2c1ab904f3a744dd2424be12536d8a5d322100ea2e6fa21e20ad,24,9160,embedded_text,ok,
sources_part_1,"01. About, Pros, Cons of DSM/32. Diagnosing the diagnostic and statistical manual of mental disorders.pdf",277708,f3204eedc13e1290bf9a4b47ba38288c38093b93e6921bc4276679c6cf529e8e,5,2232,embedded_text,ok,
sources_part_1,"01. About, Pros, Cons of DSM/33. A Critique of the DSM-5 Field Trials.pdf",189180,a0e175aa59bb1d70d08f68ac8e3b89ca8b2697ec53a3efa93ff7e4e15edba9ea,3,3335,embedded_text,ok,
sources_part_1,"02. About, Pros, Cons of HiTOP Model/01. A Hierarchical Taxonomy of Psychopathology (HiTOP) Primer for Mental Health Researchers.pdf",1214338,e0c3a7937d9a9e5af45117fb761b7795bd00f54c38003fe3f5dc9f03e841c1ea,34,16443,embedded_text,ok,
sources_part_1,"02. About, Pros, Cons of HiTOP Model/02. Home Publications & Databases Highlights in Psychological Research APA Journals Article Spotlight.pdf",924480,c78d3e9109fe5f03093b5145a37712b55c41d62f0ce350cbd4b9e63c1c1377f9,25,22457,embedded_text,ok,
sources_part_1,"02. About, Pros, Cons of HiTOP Model/02. The Hierarchical Taxonomy of Psychopathology (HiTOP) and the search for neurobiological substrates of mental illness_A systematic review and roadmap for future research.pdf",1722064,85da311b53b502b4d02ec591627a167c2d6bd3a09d8bb2d2c4d2ab97696d974f,32,14059,embedded_text,ok,
sources_part_1,"02. About, Pros, Cons of HiTOP Model/04. A new approach to eating‐disorder classification_Using empirical methods to delineate diagnostic dimensions and inform care.pdf",1656040,6913fd4baa2a71c2e75576a4eeaac849f84e862a92008052fa06879c7ce31da0,12,10104,embedded_text,ok,
sources_part_1,"02. About, Pros, Cons of HiTOP Model/05. The time has come for dimensional personality disorder diagnosis.pdf",144703,6c7fd05a68b3403359cf78da4b472601b51b8e123c27c7cac9020450948c0374,5,3002,embedded_text,ok,
sources_part_1,"02. About, Pros, Cons of HiTOP Model/06. HiTOP Assessment of the Somatoform Spectrum and Eating Disorders.pdf",181721,d746a6d55150c015958cecc8d5bdfb7d475d45a7b9839131a703b56e47324260,13,10156,embedded_text,ok,
sources_part_1,"02. About, Pros, Cons of HiTOP Model/07. Developing Preliminary Scales for Assessing the HiTOP Detachment Spectrum.pdf",485339,9987d82a017a273020147cc13f3a8789bcc1b6d2bde7300ee8f32169f2c291c3,13,8618,embedded_text,ok,
sources_part_1,"02. About, Pros, Cons of HiTOP Model/07. Development of Measures for the Hierarchical Taxonomy of Psychopathology (HiTOP)_A Collaborative Scale Development Project.pdf",438847,30f3b776a747b1ed136cf30db23b7ac291887b954c4b2d5a5fb4877efa06b3b2,14,11465,embedded_text,ok,
sources_part_1,"02. About, Pros, Cons of HiTOP Model/08. The distinction between symptoms and traits in the Hierarchical Taxonomy of Psychopathology (HiTOP).pdf",15452008,b55f7bbb470c0fbac7e305d8d93bd87377ae1a3b45e1e850e729986c84764985,35,10680,embedded_text,ok,
sources_part_1,"02. About, Pros, Cons of HiTOP Model/09. Personality Traits Across the Psychosis Spectrum_A HiTOP Conceptualization of Clinical Symptomatology.pdf",612413,be56516d5c9bdb9d9b0a8aa9cd9fa0294ea0aeb3d0c21c529838cec62cea5e66,23,9872,embedded_text,ok,
sources_part_1,"02. About, Pros, Cons of HiTOP Model/10. Disinhibition as a unifying construct in understanding how personality dispositions undergird psychopathology.pdf",89612,9e060e491e2eca01cfc3ab9eb4c5529b98330059e22850cbad98fb2b2a8af529,17,7978,embedded_text,ok,
sources_part_1,"02. About, Pros, Cons of HiTOP Model/11. Treatment of personality pathology through the lens of the hierarchical taxonomy of psychopathology_Developing a research agenda.pdf",127594,5557fd3847d4285fa038577e5cdf8897db62e1d1028f309bf240df0d897e0324,24,10777,embedded_text,ok,
sources_part_1,"02. About, Pros, Cons of HiTOP Model/12. Comparing Hierarchical Models of Personality Pathology.pdf",847144,b2baf3e1dfad7e83837f4bae50be6ab03a366646221bb4bbfab500a460ae7cc4,22,8267,embedded_text,ok,
sources_part_1,"02. About, Pros, Cons of HiTOP Model/13. Personality Traits as an Organizing Framework for Personality Pathology.pdf",236458,ace32e2ed31deb8dcdc32c9f574bd4c050d3e362fb3081764521be3fe15dbe7a,35,13630,embedded_text,ok,
sources_part_1,"02. About, Pros, Cons of HiTOP Model/14. The Hierarchical Taxonomy of Psychopathology.pdf",436068,4c178b82068b866785c7487dcdb973c1827f582f1508e6c99860e5080dc970d1,48,21449,embedded_text,ok,
sources_part_1,"02. About, Pros, Cons of HiTOP Model/15. Developmental perspectives on HiTOP psychosis superspectrum Unveiling pitfalls and theoretical fallacies.pdf",271419,da31927e0770ac1dcaeba2d5418090e8aa01236ba234cbbe4b22fecca2d07ad1,4,2656,embedded_text,ok,
sources_part_1,"02. About, Pros, Cons of HiTOP Model/16. Hierarchical structuring of psychopathological dimensions in youth current progress and future steps with the Hierarchical Taxonomy of Psychopathology (HiTOP).pdf",802964,a79e5141552b43f9ae08fe44739a0013a73da3d4ea0c38d76514c3f24d1e4375,8,5936,embedded_text,ok,
sources_part_1,"02. About, Pros, Cons of HiTOP Model/17. The Hierarchical Taxonomy of Psychopathology (HiTOP) and the search for neurobiological substrates of mental illness A review and roadmap for future research.pdf",1565871,134fe1fc8bd893a23fbcdd32f7e9a4083757e772391dac4a13375d6ebc1231a7,45,10720,embedded_text,ok,
sources_part_1,"02. About, Pros, Cons of HiTOP Model/18. The Hierarchical Taxonomy of Psychopathology (HiTOP)_A Quantitative Nosology Based on Consensus of Evidence.pdf",718126,08dffccb5167c3e1c2ef70851e2a3e6a406edc5265494eea764ecffa8a3f4cf9,26,14912,embedded_text,ok,
sources_part_1,"02. About, Pros, Cons of HiTOP Model/19. Diversity and the Hierarchical Taxonomy of Psychopathology.pdf",2346002,ee7237e83683ac6801feae3c79a9bdf9cea6378c13c598e81351e9df0adeaa2b,13,12630,embedded_text,ok,
sources_part_1,"02. About, Pros, Cons of HiTOP Model/20. Validity and utility of Hierarchical Taxonomy of Psychopathology (HiTOP)_I. Psychosis superspectrum.pdf",920433,92239398ec7a4b4f82716cc69a530fad7579b794368cd957976e39bc83b49624,22,19974,embedded_text,ok,
sources_part_1,"02. About, Pros, Cons of HiTOP Model/21. The Hierarchical Taxonomy of Psychopathology (HiTOP) Is Not an Improvement Over the DSM.pdf",63038,cda533b98d8444b485645191b00cef1bfba0b57388994d599b888ebb2d4db998,9,4121,embedded_text,ok,
sources_part_1,"02. About, Pros, Cons of HiTOP Model/22. Validity and utility of Hierarchical Taxonomy of Psychopathology (HiTOP) III. Emotional dysfunction superspectrum.pdf",544111,bc0c5af910b36494f0f5e355531323c57e0c813c5dbf5f4853b2b78faee2bf1a,29,26930,embedded_text,ok,
sources_part_1,"02. About, Pros, Cons of HiTOP Model/23. Integrating the Hierarchical Taxonomy of Psychopathology (HiTOP) into Clinical Practice.pdf",785484,22eb0c9aa9f851d0529f94a01ebfdab88c825824b60969cda0361a92ef465983,30,13218,embedded_text,ok,
sources_part_1,"02. About, Pros, Cons of HiTOP Model/24. HiTOP thought disorder, DSM-5 psychoticism, and five factor model openness.pdf",325594,171c894802c29ef63a495dcfa215276b1feeaee21355a96fbfc7789ded30ca2e,6,6726,embedded_text,ok,
sources_part_1,"02. About, Pros, Cons of HiTOP Model/25. Implications of the Symptom-Level Overlap Among DSM Diagnoses for Dimensions of Psychopathology.pdf",922889,893821c54fb91e18ea996eb0b39b3614f6cf1b179471f1e7c1f2e33b9c797dd5,9,4385,embedded_text,ok,
sources_part_1,"03. About, Pros, Cons of ICD 10/01. ICD-10_History and Context.pdf",164429,c1b802de7a5438c12dbeea0cce96829b79e46a06de14580aee3cb832176785dd,4,3086,embedded_text,ok,
sources_part_1,"03. About, Pros, Cons of ICD 10/02. Do mental health professionals use diagnostic classifications the way we think they do A global survey.pdf",110400,963f5bc23201b92d923f1e0127dfad71d6bc7ac34b35d8d58c3450f99fdce698,9,6828,embedded_text,ok,
sources_part_1,"03. About, Pros, Cons of ICD 10/03. A comparison of DSM and ICD classifications of mental disorder.pdf",380220,8019367cc764339a108f3231393fbb49f1c3b9d1978ff4cac026d6ada4130625,7,4589,embedded_text,ok,
sources_part_1,"03. About, Pros, Cons of ICD 10/04. A comparison of DSM-5 and ICD-11 models of PTSD_Measurement invariance and psychometric validation in Filipino trauma samples.pdf",463480,97deea16ec2b2299cff03268c21ad1b9cea6e875dc3a907bdb82d1ae8f8865a5,8,7482,embedded_text,ok,
sources_part_1,"03. About, Pros, Cons of ICD 10/05. ICD-10 Versus DSM-5 on Cultural Issues.pdf",107459,cc09bef42473e265d36809d8259a2aa29f435605e53d70e2baa57374edff6934,14,10913,embedded_text,ok,
sources_part_1,"03. About, Pros, Cons of ICD 10/07. Mathematical Psychology.pdf",272619,7eba4558750a5074599bf9d179ecf91e329cef945eb8ca84e3fe7f563383322f,17,7870,embedded_text,ok,
sources_part_1,04. About Computational & Mathematical Psychology/01. Computational Psychiatry.pdf,13238196,40abd815dc188e8e1fbe58ec5424391b00b31aabfb3536af4b86ab2f3a4a68f7,314,125166,embedded_text,ok,
sources_part_1,04. About Computational & Mathematical Psychology/02. Generative AI in psychology.pdf,535963,ee726e7e509126cb6720386d700d07684a3c14f81b87457f3087663e8ee32302,1,944,embedded_text,ok,
sources_part_1,04. About Computational & Mathematical Psychology/03. Using large language models in psychology.pdf,1623688,4cea32722b7882ea3173cf549e696700a0d4c9fdd08228e1f7d4247437f04470,14,14041,embedded_text,ok,
sources_part_1,04. About Computational & Mathematical Psychology/04. Computational Neurology and Psychiatry.pdf,15535571,727cd26297f7753afe02070696983aa432155d499287565120ced5260ffd9062,446,174973,embedded_text,ok,
sources_part_1,04. About Computational & Mathematical Psychology/05. Mathematical Psychology_Prospects For The 21st Century.pdf,83365,3d5cda8828caf2d757265ab08e63d1f6e82bf0c27dd7faf59740e980b4f64826,23,13866,embedded_text,ok,
sources_part_1,04. About Computational & Mathematical Psychology/06. Mathematical Psychology.pdf,107442,455f0c5ae7b4b1d253ae8076d0a4b81a0348c9dcb39a0150c8fee943f19183d2,7,4771,embedded_text,ok,
sources_part_1,04. About Computational & Mathematical Psychology/07. The Computational Metaphor and Cognitive Psychology.pdf,310580,e28bf6e7642939bb8975f2460cc60240ebe574324d78ea43b1f3ca23b094ba99,14,7472,embedded_text,ok,
sources_part_1,04. About Computational & Mathematical Psychology/08. Mathematical model of the dynamics of psychotherapy.pdf,2104318,d4a84f6f50b2cdbf7cb6342105d41a61f465c65f3c24025e36a8230a0628a077,11,8150,embedded_text,ok,
sources_part_1,04. About Computational & Mathematical Psychology/09. The Mathematics of Psychotherapy_A Nonlinear Model of Change Dynamics.pdf,552698,eb1f3999e12bcd0b4e8918fce217ed430e5110276dd4837858988ac74c2cdaf5,31,11660,embedded_text,ok,
sources_part_1,"04. About Computational & Mathematical Psychology/10. Computation in Psychotherapy, or How Computational Psychiatry Can Aid Learning-Based Psychological Therapies.pdf",2435079,08f42fefe79553d2b987debac0516ef82fe0310d23c42a62467a3d8597297e2a,24,12874,embedded_text,ok,
sources_part_1,04. About Computational & Mathematical Psychology/11. Computational Methods in Psychotherapy A Scoping Review.pdf,704001,b2596d2c70cc7c7b2910cf3a1ba20bf59ce7402d632ffe5971d3bf7d5f928d97,18,10182,embedded_text,ok,
sources_part_1,04. About Computational & Mathematical Psychology/12. Computational Psychotherapy Research_Scaling up the evaluation of patient-provider interactions.pdf,873836,e201ef4780a705ef8acacec4eb66cbf6082298c2ca6430304665addb7b45b16f,24,10146,embedded_text,ok,
sources_part_1,"05. About, Pros, Cons of Psychotherapy and Its Approaches and Psychiatry/01. Negative effects of psychotherapy_estimating the prevalence in a random national sample.pdf",390992,b612ff226ae3fa3c81ba387fe4e3e23ebe8850b1aa547f8a8203a3ef114b1cdb,8,7159,embedded_text,ok,
sources_part_1,"05. About, Pros, Cons of Psychotherapy and Its Approaches and Psychiatry/02. Adverse experiences in psychological treatments_Where do we stand.pdf",2046426,46a337b814f33c36e7974116697dc73dad86ff417e1bfaf7ba27d8eab3b611db,7,4760,embedded_text,ok,
sources_part_1,"05. About, Pros, Cons of Psychotherapy and Its Approaches and Psychiatry/03. Negative experiences in psychotherapy from clients’ perspective A qualitative meta-analysis.pdf",1032769,fc3632838f683b1d641332a2e890d57f9a9a94c2600388bb39d23b2a7525bd75,15,10872,embedded_text,ok,
sources_part_1,"05. About, Pros, Cons of Psychotherapy and Its Approaches and Psychiatry/04. Advantages and disadvantages of online psychotherapy and decisions to use it in the era of the COVID-19 pandemic - analysis of mediation variables.pdf",2724130,0efdf3331afd7cafe01380bb1897375cb72dd9ecee6acc4b3500223cc73460cf,20,15937,embedded_text,ok,
sources_part_1,"05. About, Pros, Cons of Psychotherapy and Its Approaches and Psychiatry/05. Psychotherapy its pros and cons (definition, benefits, types, and challenges).pdf",912797,44e58c5cb94620e2ac7b87d49ced686149b8e57f871fb88ee5c2d3a7a286e2e5,7,5464,embedded_text,ok,
sources_part_1,"05. About, Pros, Cons of Psychotherapy and Its Approaches and Psychiatry/06. Evidence-Based Psychotherapy_Advantages and Challenges.pdf",431551,aa1c78e7964a62167758f48d86530e04e4fc485e737622b182f1a8b151a23470,9,7356,embedded_text,ok,
sources_part_1,"05. About, Pros, Cons of Psychotherapy and Its Approaches and Psychiatry/07. Selecting the most appropriate treatment for each patientSelección del tratamiento más adecuado para cada paciente.pdf",708943,531e46620f8e2c24185305c67526fd2b07a44550b479f89a4ca16bd98b0e785c,10,8650,embedded_text,ok,
sources_part_1,"05. About, Pros, Cons of Psychotherapy and Its Approaches and Psychiatry/08. Psychotherapeutic approaches_hopefully, globally effective.pdf",413751,7b129578a7d13331664150e6a880af5b0a355b3d85e5a062949214f903006419,14,14602,embedded_text,ok,
sources_part_1,"05. About, Pros, Cons of Psychotherapy and Its Approaches and Psychiatry/09. Pros and cons of mental health treatment_reports from depressed clients with suicidal ideation.pdf",876444,26d75dea9fbdb20690fbb715b9b0bcaa2c5788546d83e7bb9883622aafbf8b37,9,6399,embedded_text,ok,
sources_part_1,"05. About, Pros, Cons of Psychotherapy and Its Approaches and Psychiatry/10. Comparing psychiatric routine care and integrative psychiatry – A study protocol for a prospective observational study (INTEGRAL).pdf",1279133,ab8fb5b1c20f935380f5cf4ec8b7fb0575b4f84f12f22f07dded75619904feb8,7,5951,embedded_text,ok,
sources_part_1,"05. About, Pros, Cons of Psychotherapy and Its Approaches and Psychiatry/11. Psychiatric diagnosis_pros and cons of prototypes vs. operational criteria.pdf",236368,d8f3f7c5441475eb31740dc5c779422c641fccaefcf873e9b4983502178048c0,2,1104,embedded_text,ok,
sources_part_1,"05. About, Pros, Cons of Psychotherapy and Its Approaches and Psychiatry/12. How important are the common factors in psychotherapy An update.pdf",178476,b2ca12c1f11499cfe600a0ed01fab8e341b82eca050c7b53e2104fadfc5a7a90,8,5999,embedded_text,ok,
sources_part_1,"05. About, Pros, Cons of Psychotherapy and Its Approaches and Psychiatry/13. Determining What is Common A Theoretical Account of Common Factors in Psychotherapy through the Lens of Self-Determination Theory.pdf",1278732,431d2e4d3dda6b7a1dc7a15b153decebd30d1ce1e3e4c6b42e8a5bf5d8864a11,13,9824,embedded_text,ok,
sources_part_1,"05. About, Pros, Cons of Psychotherapy and Its Approaches and Psychiatry/14. Alliance a common factor of psychotherapy modeled by structural theory.pdf",807024,b97453c2f9cece7749313b900bb2c5cb3ff414c3592d9b1a013f556baa3df297,11,8437,embedded_text,ok,
sources_part_1,"05. About, Pros, Cons of Psychotherapy and Its Approaches and Psychiatry/15. The Role of Common Factors in Psychotherapy Outcomes.pdf",388945,ea55dcbb9ba395971fccb413c42be17045ab1a9d6df194ce73bffd9cfd315148,27,16914,embedded_text,ok,
sources_part_1,06. About Needs and Their Theories/01. Analysis of the human basic psychological needs’ theories_A meta-theory approach.pdf,1196223,0f94d26216ef1e7376ccccdaaa21aabc2eabc446f390d3be4360dd46db9a5dc9,20,11310,embedded_text,ok,
sources_part_1,06. About Needs and Their Theories/02. Basic psychological needs and achievement emotions_the role of control and value appraisals in higher education.pdf,661778,a8d18b4cd2c155110a345ddd1753f529c6513a8cc5f28cc4e60e9306a6656f03,15,9942,embedded_text,ok,
sources_part_1,"06. About Needs and Their Theories/03. Basic Needs, Goals and Motivation.pdf",313467,21badb9a555e8c80dfb17af7fb24a4612f3be29ad932744e42bf099e68b33af4,9,6516,embedded_text,ok,
sources_part_1,06. About Needs and Their Theories/04. Meaning and Psychological Needs.pdf,466379,d8d85305522bcbd3b9ce32691943edb0e23cae1bc879205b448d5a40f84fc7ab,17,11585,embedded_text,ok,
sources_part_1,06. About Needs and Their Theories/05. Maslow's Hierarchy of Needs.pdf,1084660,b1040ebf6194c13e22bddc4739a3300b9b053134c928b3d00e05d3915fde1210,30,7048,embedded_text,ok,
sources_part_1,06. About Needs and Their Theories/06. Renovating the Pyramid of Needs_Contemporary Extensions Built Upon Ancient Foundations.pdf,963485,5213132b269c767d03e648f6f03665c6caeb17ec31eef99074eb4a54471c95a5,38,20759,embedded_text,ok,
sources_part_1,06. About Needs and Their Theories/07. An Overview of Needs Theories behind consumerism.pdf,791602,fe9d743668f678443f6fe3351f0ab196b3cb3fefc74e83291ae7848d4a001390,21,9406,embedded_text,ok,
sources_part_1,"06. About Needs and Their Theories/10. Self-Determination Theory and the Facilitation of Intrinsic Motivation, Social Development, and Well-Being.pdf",2336577,e14779081a999b49dfdde8fe7078fcef65a282d4e6374a037269083d063a1ec3,11,9320,embedded_text,ok,
sources_part_1,06. About Needs and Their Theories/11. Assessing basic and higher-level psychological needs satisfied through physical activity.pdf,954155,5d67e0ddebb96f504c60a3372144a34326513c6e434471449843d5f9f4938cdf,13,9749,embedded_text,ok,
sources_part_1,06. About Needs and Their Theories/12. The Role of Motivation in Complex Problem Solving.pdf,257423,b9a6620854f8f5142e0879f6305508fc93e09cbced19b61e953dc458a837eb76,5,3654,embedded_text,ok,
sources_part_1,06. About Needs and Their Theories/13. motivation-to-learn-online-an-analysis-from-mcclellands-theory-of-needs.pdf,621603,84de0970ba0872e2607c9a8e410923a59340abfddf211421d0a50016dbea79dc,19,6542,embedded_text,ok,
sources_part_1,06. About Needs and Their Theories/14. How individual needs influence motivation effects_a neuroscientific study on McClelland’s need theory.pdf,932789,79ae449e88d853575f7360c898baee003f19e6e41c0cf2f976997168a592bea0,40,17765,embedded_text,ok,
sources_part_1,06. About Needs and Their Theories/15. Analysis of the Theory of Acquired Needs from McClelland as a Means of Work Satisfaction.pdf,598194,181c8c774b9c4f2bf0bea1d141fa675c0572d332e11bcb381b58ad96bd92b719,6,4575,embedded_text,ok,
sources_part_1,06. About Needs and Their Theories/8. Linking individual differences in satisfaction with each of Maslow's needs to the Big Five personality traits and Panksepp's primary emotional systems.pdf,462286,71c4910d5c907a87c35551615dcf4067598d83d9c5187dc083a33e99980572a1,9,9617,embedded_text,ok,
sources_part_1,06. About Needs and Their Theories/9. Critical-Review-and-Comparism-between-Maslow-Herzberg-and-McClellands-Theory-of-Needs.pdf,136135,f612263a9e8aa2da9ee6e265a3603d5325d28c93fd21632e1c8f35a37b3c43af,13,8486,embedded_text,ok,
sources_part_1,07. About Motivation & Emotions/01. An attributional theory of achievement motivation and emotion..pdf,2416224,e74f9c78316593f69b63d5329975b127fe344cdb8c126cd34ecb8ee932eacb12,26,17671,embedded_text,ok,
sources_part_1,07. About Motivation & Emotions/02. Prime theory_An integrated view of motivation and emotion..pdf,2005988,5f6b4d4266dafb9ee3415b0baf495a59e7dc881a3438b1dd62e9e989c200aff9,25,18110,embedded_text,ok,
sources_part_1,07. About Motivation & Emotions/03. Evolving Concepts of Emotion and Motivation.pdf,1871923,a9d300d72dc842935eaef377eb565e74d0d02e8200f687f09cfdaf767b523f8f,20,17714,embedded_text,ok,
sources_part_1,"07. About Motivation & Emotions/04. The importance of emotion in theories of motivation_empirical, methodological, and theoretical considerations from a goal theory perspective.pdf",260286,7eb5a9b0aae25b8931ab160a4d3ac011b3377d61e0fbbda7284868cd4be73dcf,19,7964,embedded_text,ok,
sources_part_1,07. About Motivation & Emotions/05. Theories of motivation_A comprehensive analysis of human behavior drivers.pdf,3870301,43c533a000a352d159b14b0f30a8a17d2c8ad90e73fd0ce9e2005f681056cd1a,16,14224,embedded_text,ok,
sources_part_1,07. About Motivation & Emotions/06. Evolving Concepts of Emotion and Motivation.pdf,1871923,a9d300d72dc842935eaef377eb565e74d0d02e8200f687f09cfdaf767b523f8f,20,17714,embedded_text,ok,
sources_part_1,"07. About Motivation & Emotions/07. Emotion, Motivation, Reasoning, and How Their Brain Systems Are Related.pdf",1832531,4d6d1dd0db4b52104d23403bdf5b78a532f117f2f3da9c76ee2f1ad10edc6a7f,52,33619,embedded_text,ok,
sources_part_1,07. About Motivation & Emotions/08. Motivation and emotion_A survey of the determinants of human and animal activity Front Matter.pdf,826193,a11bf28f59ef5fdc3aeabb8cfb389eb0a439b49a60f1c998464a20cba98cab6b,28,5538,embedded_text,ok,
sources_part_1,"07. About Motivation & Emotions/09. The importance of emotion in theories of motivation_empirical, methodological, and theoretical considerations from a goal theory perspective.pdf",260286,7eb5a9b0aae25b8931ab160a4d3ac011b3377d61e0fbbda7284868cd4be73dcf,19,7964,embedded_text,ok,
sources_part_1,07. About Motivation & Emotions/10. Cognition and Motivation in Emotion.pdf,455280,8ac096f50d7c3f38fd32722fa006c324a5412ffdf5784775fab5dec50417ffa5,22,15712,embedded_text,ok,
sources_part_1,08. About Temperament and Its Theories/01. Temperament and Its Role in Developmental Psychopathology.pdf,76224,8ecfaa387e21e956f7a548506043e561d4252eae6a9df2c640423483d4838c45,21,10412,embedded_text,ok,
sources_part_1,08. About Temperament and Its Theories/02. Theories_of_Temperament_Development.pdf,257724,dd4e95d63fc3baca4f706c29ff9493e91fceecfaeafdbc8e9bf16155ef0a2564,9,7375,embedded_text,ok,
sources_part_1,08. About Temperament and Its Theories/03. Development of temperament types from infancy to adolescence_Genetic and environmental influences with an economically and racially-ethnically diverse sample.pdf,578647,3b877bae0164a2070de72f6c186882bbc563825dae0c7f2cfabff6aad3d97b47,40,17425,embedded_text,ok,
sources_part_1,08. About Temperament and Its Theories/04. Theories of Temperament Development.pdf,1700846,82291f053ea8f2c147758ae589b44f852dfd70fe988a0d95f5cd72c2000e2847,55,13279,embedded_text,ok,
sources_part_1,08. About Temperament and Its Theories/05. Temperament-Based Intervention_Re-examining Goodness of Fit.pdf,50402,1831307a271d5a33eb3abe63625be6699af306db76fb0b0540ba781f2d4bab74,13,7072,embedded_text,ok,
sources_part_1,08. About Temperament and Its Theories/06. If you do not know the child's temperament you do not know the child.pdf,267713,0c95601d1e7dcc1a73a39250d13920e4f7488d7be33cae1f936e94bdeeaf07c7,12,6152,embedded_text,ok,
sources_part_1,08. About Temperament and Its Theories/07. Chess-Thomas-Temperament-and-its-functional-significance.pdf,1963813,e4af1b076e8b7a7f9ae7ef7e7beaa7d6b84574bcac8778caba04b74f6d7b2f4d,33,24205,page_image_tesseract_ocr,ok,
sources_part_1,08. About Temperament and Its Theories/08. Interrelationships of the Rothbart's temperament model constructs with revised-reinforcement sensitivity theory constructs.pdf,261569,4905c2c3ca7ee4a218de7a6987ead2f11df71484620f55668ff4f08ad039f126,4,4005,embedded_text,ok,
sources_part_1,08. About Temperament and Its Theories/09. temperament-and-its-impact-child-development-comments-rothbart-kagan.pdf,50959,2b3207d819922bcdd9eec896701c98b9d67ddc37cc505265b5f04dd244c39f16,7,2320,embedded_text,ok,
sources_part_1,08. About Temperament and Its Theories/10. Temperament and Externalizing Behavior_Social Preference and Perceived Acceptance as Protective Factors.pdf,300770,b0ad06fbc66f1bb566815189ccdf68656787bc111584e6c36b96e65dc7bf595b,24,10813,embedded_text,ok,
sources_part_1,08. About Temperament and Its Theories/11. Sample Chapter_Becoming Who We Are_Temperament and Personality in Development.pdf,235898,7e7c0b59a6c96853afa370ee18cc978f0c732a8b758c7324b738b025b307af76,24,10543,embedded_text,ok,
sources_part_1,08. About Temperament and Its Theories/12 .Measrmnt_of_temp_in_Infancy.pdf,784182,594566bd58cf7c91e1ed5f7be569a63badffd5dd4f20493f8a642688fa723516,10,6530,ocrmypdf_tesseract,ok,
sources_part_1,08. About Temperament and Its Theories/13. Interrelationships of the Rothbart's temperament model constructs with revised-reinforcement sensitivity theory constructs.pdf,261569,4905c2c3ca7ee4a218de7a6987ead2f11df71484620f55668ff4f08ad039f126,4,4005,embedded_text,ok,
sources_part_1,08. About Temperament and Its Theories/14. Temperament (PLE Emotion)_Early Developing Personality Traits.pdf,10718577,dfbd093bee61b33a411c4bbb07f955cf617c46c8f718348c13db42e26087584c,196,58595,embedded_text,ok,
sources_part_1,08. About Temperament and Its Theories/15. Contrast effects in Buss and Plomin’s EAS questionnaire_a behavioral-genetic study on early developing personality traits assessed through parental ratings.pdf,235852,189ffb56b1b48b2cc08a4179b42893f967dd5062492bb9addf662d43aae80b9b,17,7844,embedded_text,ok,
sources_part_1,08. About Temperament and Its Theories/16. A temperament theory of personality development.pdf,322767,9edcf41c4c35b1e343b71bdfca6c3cc6a2822b6126ab888ca20b7c1222417570,3,1274,embedded_text,ok,
sources_part_1,08. About Temperament and Its Theories/17. The factor structure of the Buss and Plomin EAS Temperament Survey (parental ratings) in a Dutch sample of elementary school children.pdf,939382,f5399d0cf5d71e6926771aa1413a634350f9bf6f95a1b98a968f1b68f7dedc8c,15,5111,embedded_text,ok,
sources_part_1,08. About Temperament and Its Theories/18. Revisiting Jerome Kagan and His Research Legacy_An Introduction to a special issue of Developmental Psychology.pdf,344792,c68c903aed8b2233253c22dc2c3d7f07d81029efe5fe026765c5b3d858d07b13,16,7801,embedded_text,ok,
sources_part_1,08. About Temperament and Its Theories/19. Temperamental and Theoretical Contributions to Clinical Psychology.pdf,913770,b206f78d19df24bab05b9df10151785b7695928a32bfbb0f2a864580c1259d1d,19,11499,embedded_text,ok,
sources_part_1,08. About Temperament and Its Theories/20. Handbook of Temperament.pdf,14560853,44621331fc8a24acdee55bc8597e9c454b4db74fd8bcedf076752a569bc21102,769,460708,embedded_text,ok,
sources_part_1,08. About Temperament and Its Theories/21. Temperamental factors in human development.pdf,681894,9c1cc069f6690e8f5f76d7cf332783c951e888d6169cbe946e0764fc94f05af2,7,6557,embedded_text,ok,
sources_part_1,09. About Systems and Their Theories/01. Using Systems Theory to Improve Intervention Outcomes.pdf,671430,01b768d8bbae956299b9fa72f0e8a5f270de3e302b58ff2d9a849cc58de8a996,19,7342,embedded_text,ok,
sources_part_1,09. About Systems and Their Theories/02. Systems Theories.pdf,89032,eb2a570c6a54292be1b239fc94bd1d835aafed1f480dcfe7b028172d2a2e462e,3,1029,embedded_text,ok,
sources_part_1,"09. About Systems and Their Theories/03. Systems Theories_Their Origins, Foundations, and Development.pdf",76950,de5a27731babe20876732070cb008456ddc0761bbfaa9f10ba739bbdbe0a974f,36,12322,embedded_text,ok,
sources_part_1,09. About Systems and Their Theories/04. Applying systems theory to global mental health.pdf,300003,d5488ae8c68fcba43885aa4082c01f26aca7e7d0b9e53d5ab949f03d69667fe9,6,6067,embedded_text,ok,
sources_part_1,09. About Systems and Their Theories/05. The Efficacy of Systemic Therapy for Internalizing and Other Disorders of Childhood and Adolescence_A Systematic Review of 38 Randomized Trials.pdf,221429,c2fa634c07183b00d87c9cf9372a0febee2daeb12e8aa1a99b340e934a1a44fd,34,17247,embedded_text,ok,
sources_part_1,"09. About Systems and Their Theories/06. Autopoiesis_The organization of living systems, its characterization and a model.pdf",568779,6577272c541d1f20c2502e6dbe8ab74d5500f6e396cf67a777644203983189da,10,4272,embedded_text,ok,
sources_part_1,09. About Systems and Their Theories/07. Toward an experimental ecology of human development..pdf,1927833,8c1425b7c6650da96958dbd8886986308311e517f9d2db9552bcb56204348671,19,14156,embedded_text,ok,
sources_part_1,09. About Systems and Their Theories/08. Hypothesizing — Circularity — Neutrality_Three Guidelines for the Conductor of the Session.pdf,38872,ec8fd5141c29ba20ab7b96c69b40174c09102766a7d83c0686b93df22822c8d3,7,5578,embedded_text,ok,
sources_part_1,09. About Systems and Their Theories/09. Brief strategic family therapy_An intervention to reduce adolescent risk behavior..pdf,65442,668868ae6ba037e553a83cb6cb4699d4f955ced1c91baf9e8d5e0681fac5de3a,12,8474,embedded_text,ok,
sources_part_1,09. About Systems and Their Theories/10. The Mechanism of Socioeconomic Status Effects on Cognition.pdf,425402,bd5109f1b7557fa194c36f2a2d40951e7b43b363982202987e3f23f9840e904a,9,5315,embedded_text,ok,
sources_part_1,09. About Systems and Their Theories/11. Poverty Impedes Cognitive Function.pdf,260552,dbafbff3d39a75aed84a71cae883ab99abcda5c4cf517302e79f763462e6f95d,6,6234,embedded_text,ok,
sources_part_1,09. About Systems and Their Theories/12. MONEY IN THE MENTAL LIVES OF THE POOR.pdf,240578,66d71a2ac1b232e1edbd1357a2af6549a3c763a9430be43323e50f8be78d3494,16,7540,embedded_text,ok,
sources_part_1,09. About Systems and Their Theories/13. Food Insecurity Mediates the Relationship between Poverty and Mental Health.pdf,919846,c2b554865dfecfb19d81e114d2343cfbeae1f2169cccec519ff588fa02bc6888,18,7205,embedded_text,ok,
sources_part_1,09. About Systems and Their Theories/14. Socioeconomic disparities harm social cognition.pdf,232974,3dd7b6b63bcdf9bb95682b7b3a6fc3e5ed066ffbd38c1c968dc4237a37b21e85,2,1415,embedded_text,ok,
sources_part_1,09. About Systems and Their Theories/15. Persistent Poverty and Children's Cognitive Development_Evidence from the UK Millennium Cohort Study.pdf,999037,c3f43cb60aff8c7fc7b428d45ef2c8761480d1867e5883fa8c5ae2ed9ba8d71e,24,13005,embedded_text,ok,
sources_part_1,09. About Systems and Their Theories/16. The Mental Status Examination Handbook.pdf,12217681,ebef808e7edb432faa1ceba01156344338ca7f65a3d9cf17f2686b10ff326cb4,290,132259,embedded_text,ok,
sources_part_1,"09. About Systems and Their Theories/17. Inequality, privacy, and mental health.pdf",148127,6e24f5110f615e85ee1d852206ad68b530bf4847fe7cd50d9e3a5a06c4f84033,8,5865,embedded_text,ok,
sources_part_1,10. About Personality and Its Theories/01. Introduction to the special issue on integrative theories of personality.pdf,218759,bacc6a5589314488c1f5c85d76499fb9b00a5d6b224ddd24ec209a6128df8ad5,3,2802,embedded_text,ok,
sources_part_1,10. About Personality and Its Theories/02. The Evolution of Personality Theories A Journey through Key Theoretical Frameworks.pdf,266230,b9f9ed186c44ecae65a5d118c2a13919ee685c48ff4496e1203b719ce6336ef6,14,5517,embedded_text,ok,
sources_part_1,10. About Personality and Its Theories/03. Personality and interests for selection_Theoretical perspectives.pdf,1189860,d2c47acba710ba20c4d73c768af4d9cc4a46ce102c42fff1577a77017108a5b7,17,12433,embedded_text,ok,
sources_part_1,10. About Personality and Its Theories/04. The Cambridge Handbook of Personality Psychology.pdf,4474194,b82c0f980a734c1c06b42924995dafa54cfb9f7b5c9699366e669d6c1bb7740f,906,381408,embedded_text,ok,
sources_part_1,10. About Personality and Its Theories/05. Theories of Personality.pdf,6820864,0eae2570c8e4565ab13736707dacad0e09c0be4de3591be1042e1008f2eb063f,516,307375,embedded_text,ok,
sources_part_1,10. About Personality and Its Theories/06. PERSONALITY THEORY AND TESOL.pdf,128600,84629be7f40a2443d028bf264f93a1ff02fe3524dbb43c0ee68dbbf39933ec4e,9,5709,embedded_text,ok,
sources_part_1,10. About Personality and Its Theories/07. Personality theory_New factors to incorporate in public decision‐making in communities.pdf,674147,cf344966b87e540d8ae5564c4e01e32d18e1dbed566c77d74114c590a1d5bc30,6,3350,embedded_text,ok,
sources_part_1,10. About Personality and Its Theories/08. Personality Processes_Mechanisms by which Personality Traits “Get Outside the Skin”.pdf,233507,a6cfc1654212dea493c129e2acafb0b679b6704b8ca152d51c92f47705a0995f,31,14637,embedded_text,ok,
sources_part_1,"10. About Personality and Its Theories/09. The Big Five, Everyday Contexts and Activities, and Affective Experience.pdf",367754,553f4701fd27570ba74afd28a6af6814fdbcc41c6c0ce20d7c9baeef188893f2,20,9445,embedded_text,ok,
sources_part_1,10. About Personality and Its Theories/10. Exploring the Big Five Theory Unveiling the Dynamics and Dimensions of Personality.pdf,200922,a1f6a8e261cef36a3199c06535cd4c9e874f5b237b080e37ff86f71e34ed5f71,5,2885,embedded_text,ok,
sources_part_1,10. About Personality and Its Theories/11. Stability and Change in the Big Five Personality Traits_Findings from a Longitudinal Study of Mexican-Origin Adults.pdf,2471061,a473ab7a27cf603ad3a061f1b44df8c049f4fc738e20cbd46cb19445dbb53451,32,13502,embedded_text,ok,
sources_part_1,11. Base General References/01. DSM-5.pdf,7518145,971176ce7eedbdf7e74df6f555eab5c7cec2ed14fd5a2a8acd7f8f52734eba98,992,449258,embedded_text,ok,
sources_part_1,11. Base General References/02. DSM 5 TR-APA (2022).pdf,8873813,e08f52c8cc7982f718befc14f9d6a17877426026c304bc2cc440195bb6318902,1377,504759,embedded_text,ok,
sources_part_1,11. Base General References/03. Systems of Psychotherapy_A Transtheoretical Analysis.pdf,37644689,049442dd40ef6d2de2e13b39f49f4c2b7c7ce5b1d1725beb7553b18d4ed5c8d5,578,335898,embedded_text,ok,
sources_part_1,11. Base General References/04. Theories of Development Concepts and Applications - Sixth Edition.pdf,3538409,a750a86d79e3f41b9b01a74c0a9ac1ebded80fe4b56d52e1579196705116a1ea,433,187087,embedded_text,ok,
sources_part_1,11. Base General References/05. کتاب-اصلی-کاپلان-و-سادوک.pdf,33045676,6fe95501f4374b8dba5795ed7c8fa3184a25bdd5d4034d7299dd87e613f73b15,3768,1002387,embedded_text,ok,
sources_part_1,11. Base General References/07. کتاب-اصلی-رشد-لورا-برک.pdf,42564827,bd88289057b882343ecb75b974395ef0582c8c9761d974dcff715242ca46075d,867,745155,embedded_text,ok,
sources_part_1,11. Base General References/08. کتاب-اصلی-شخصیت-فیست.pdf,19302854,29992dfff08730ac03bee21267d261df9eb1bd3b0a5f1ff389603f1ea043efd8,705,332179,embedded_text,ok,
sources_part_1,"11. Base General References/09. Atkinson & Hilgard’s Introduction to Psychology, 15th Edition.pdf",65517164,1db5c5fa5eecec4254d2777eb61985319b33f044983f41a32432bce2cc904aa1,812,559964,embedded_text,ok,
sources_part_1,11. Base General References/10. Psychology_From_Inquiry_to_Understanding_2nd_Edition_by_Scott_O.pdf,47424197,9c95ed004a5d939dda72ce6201dded6f0fa2890569c000ff107ee6166ed6ccc5,840,616602,embedded_text,ok,
sources_part_1,"11. Base General References/11. Rose_Hulman_PSYCS100_Peter_Gray,_David_F_Bjorklund_Psychology_8th.pdf",50304552,9881cd4b549818c936e81ddb223701e40ff99088a70c20b97e9accf4b69b1125,1862,514930,embedded_text,ok,
sources_part_1,11. Base General References/12. theories-of-counseling-and-psychotherapy-systems-strategies-and-skills-rental-edition-5nbsped-0134460863-9780134460864_compress.pdf,5282556,a169b0cc6c4437e879e76730ca6e24745cba2651dbf7ef64d9e7fe4b12973a51,625,340049,embedded_text,ok,
sources_part_2,12. Transformers/01. Attention is all you need.pdf,2215244,bdfaa68d8984f0dc02beaca527b76f207d99b666d31d1da728ee0728182df697,15,6152,embedded_text,ok,
sources_part_2,12. Transformers/02. BERT_ Pre-training of deep bidirectional transformers for language understanding.pdf,775166,5692a5514787a8c6727b4ff3b726a3385798bc68e12138d1d4af83947e2acf6e,16,9842,embedded_text,ok,
sources_part_2,12. Transformers/03. Improving language understanding by generative pre-training.pdf,541036,eb81a65e0856bd38e855e1f1de6ee12e7c3eb92ae05c8270d345a475beb631d0,12,6090,embedded_text,ok,
sources_part_2,12. Transformers/04. Language models are few-shot learners.pdf,6768044,97fd272f1fdfc18677462d0292f5fbf26ca86b4d1b485c2dba03269b643a0e83,75,38316,embedded_text,ok,
sources_part_2,12. Transformers/05. Exploring the limits of transfer learning with a unified text-to-text transformer.pdf,1190021,ad07e47cedf437a4156419ce5d3076e08a3e59bbfd6dac7cc53df1009cdcbe7f,67,32365,embedded_text,ok,
sources_part_2,12. Transformers/06. RoBERTa_ A robustly optimized BERT pretraining approach.pdf,209675,76a3872d244793563a5b000b818cbaf0ca8972ab1145d32be474c05b2a8f3070,13,7439,embedded_text,ok,
sources_part_2,12. Transformers/07. Transformer-XL_ Attentive language models beyond a fixed-length context.pdf,4570910,6aa192b22820267309e8e7c501c514a3a3055256d9c8691b106c7f53f9098671,20,14343,embedded_text,ok,
sources_part_2,12. Transformers/08. Graph attention networks.pdf,1637828,a7d811a44e1c65bf27da3a01859f23a8edbe33b8f96114b4b5066aedb078f284,12,6532,embedded_text,ok,
sources_part_2,12. Transformers/09. Do transformers really perform badly for graph representation_.pdf,561688,b7834da323d61c175546b5309fa132879a43aa162012e76e7d3d81d6ee86e17e,19,9493,embedded_text,ok,
sources_part_2,12. Transformers/10. Perceiver IO_ A general architecture for structured inputs and outputs.pdf,2878410,3b5a8223a5a78ab149fec1b6411f7351f9f957017983ddc0a5d687f80c0bcbc3,29,17730,embedded_text,ok,
sources_part_2,12. Transformers/11. An image is worth 16x16 words_ Transformers for image recognition at scale.pdf,3743814,8ce7b83971a14508ca711a27c875c9b6914c4f6767cf3150fb1ca6c07aa056d6,22,10670,embedded_text,ok,
sources_part_2,12. Transformers/12. Swin transformer_ Hierarchical vision transformer using shifted windows.pdf,1360315,dfdc7631fe2a35bb5892080b9c0eeadc4432d55cf1856f84bc88802efa877a7c,14,10461,embedded_text,ok,
sources_part_2,12. Transformers/13. Temporal fusion transformers for interpretable multi-horizon time series forecasting.pdf,2662738,79580118987a028db9c83c9bfedbc5b8bc126d40c357bf0284dcf044299db5b5,27,10010,embedded_text,ok,
sources_part_2,12. Transformers/14. Informer_ Beyond efficient transformer for long sequence time-series forecasting.pdf,7291729,95d8d427005e4dab28932b2630886931fc095996fdd4a65d0e050bae801ffc37,15,11790,embedded_text,ok,
sources_part_2,12. Transformers/15. Autoformer_ Decomposition transformers with auto-correlation for long-term series forecasting.pdf,12212707,6ec6743b8d3df87a91ecd7b17d83123c0132f5ab87dffeb6318c05e2cb13f11b,20,11357,embedded_text,ok,
sources_part_2,12. Transformers/16. A time series is worth 64 words_ Long-term forecasting with transformers.pdf,4027069,ffd4021d25b4959883242f256b0fe4ec42f477f66db78c61bfacf7baa7848b0e,24,13953,embedded_text,ok,
sources_part_2,12. Transformers/17. iTransformer_ Inverted transformers are effective for time series forecasting.pdf,6345202,83e889795af52c672090255493266e3ea93e7b2a32c528f58074f2f9f757ffc5,25,13953,embedded_text,ok,
sources_part_2,12. Transformers/18. Long-range transformers for dynamic spatiotemporal forecasting.pdf,1564135,b22a80088b548e59d06c7afd3022e070dbe7f7e0d462f56b6d82fc6eea9f41cf,19,15399,embedded_text,ok,
sources_part_2,12. Transformers/19. Spatial-temporal transformer networks for traffic flow forecasting.pdf,1835830,8c370fb69de6e05c320ec232430a9acc9ab991f59c7b6a32e57a0091f2351cf6,12,9849,embedded_text,ok,
sources_part_2,12. Transformers/20. Is space-time attention all you need for video understanding_.pdf,8708681,9b61b223ece84f8d88a60fab70871be3cd368cae2fbbac57a3281aa5f4b1517a,13,9869,embedded_text,ok,
sources_part_2,12. Transformers/21. ViViT_ A video vision transformer.pdf,4770088,1d804ea3fe37bbfd96985b4ca53bba3f864c804007a6999848086cb8f079120f,14,9418,embedded_text,ok,
sources_part_2,12. Transformers/22. Video swin transformer.pdf,1335519,9680fb44c5acbcfd63e84bad7c15470cdf3e1ea558c0bd57729171e282ccdd59,12,6452,embedded_text,ok,
sources_part_2,12. Transformers/23. FlashAttention_ Fast and memory-efficient exact attention with IO-awareness.pdf,2630825,ca7f9fda10b90fc05dd291a3accc85e9c1a4a860b99b31928dab03ed3fcb14e4,34,18846,embedded_text,ok,
sources_part_2,12. Transformers/24. Longformer_ The long-document transformer.pdf,539211,053756b54e2d3462d4690b3aed489c962f17df7c3531865e47374c4a651f526c,17,10611,embedded_text,ok,
sources_part_2,12. Transformers/25. Reformer_ The efficient transformer.pdf,658515,f86f29116ea4a04321f4ab8727283096c544255bd31f7efbc10e56390a8b5e8b,12,6511,embedded_text,ok,
sources_part_2,12. Transformers/26. Linformer_ Self-attention with linear complexity.pdf,922879,1c4e089b6108f5ed0a2f8301ab07a64eab9851dcb471348b88739a6458e2f215,12,6374,embedded_text,ok,
sources_part_2,12. Transformers/27. Rethinking attention with performers.pdf,5880177,2634d0985b5ebc5235d983e388ec012883369eb1c39b351a024c31ee718b2e25,38,18578,embedded_text,ok,
sources_part_2,12. Transformers/28. Switch transformers_ Scaling to trillion parameter models with simple and efficient sparsity.pdf,1304157,f340f6ace31abf7d0730ef461404279f40d3c890e9cc2daeb7068b3304afdbd6,40,15993,embedded_text,ok,
sources_part_2,12. Transformers/29. RoFormer_ Enhanced transformer with rotary position embedding.pdf,599289,e9a481fbe1c8a20b7b1fa566b13102a1896c7829fa9a8b4c80528452a5ddaf79,14,7414,embedded_text,ok,
sources_part_2,"12. Transformers/30. Train short, test long_ Attention with linear biases enables input length extrapolation.pdf",759030,26223f5ecbc5983d0cb183c5fd61d09c814247a57b855b2b15717009664db70a,25,12172,embedded_text,ok,
sources_part_2,12. Transformers/31. Root mean square layer normalization.pdf,555031,a38ab771022fc10525d2b6b23de40307b2ca7b2bf463f5219da6a0ba1c41225f,14,7076,embedded_text,ok,
sources_part_2,12. Transformers/32. GLU variants improve transformer.pdf,109135,7398ae8b163722a6b5410fb975722adbe6b5f6f9c7f1efa584f1c6b79eaa93e2,5,1946,embedded_text,ok,
sources_part_2,12. Transformers/33. LoRA_ Low-rank adaptation of large language models.pdf,1609513,e9a0d3128767db616085dc0f4e6e455e672e89af823e8ed1282793682787395a,26,13782,embedded_text,ok,
sources_part_2,12. Transformers/34. QLoRA_ Efficient finetuning of quantized LLMs.pdf,1065470,33a4e757c19d6ea8d3cca8958fce8fe405e290272e135c99ee66065c775d5bd1,26,14118,embedded_text,ok,
sources_part_2,12. Transformers/35. Scaling laws for neural language models.pdf,2493004,a41bd7877fd1a6bcbba096b2619618bd2f90e02488f2365644903eb2f7c6a494,30,15642,embedded_text,ok,
sources_part_2,12. Transformers/36. Training compute-optimal large language models.pdf,6004349,3fd3632a8ef48171bd25282990221d49535d75356192f068b3b2ebe08f2aedd4,36,15500,embedded_text,ok,
sources_part_2,12. Transformers/37. Attention is not all you need_ Pure attention loses rank doubly exponentially with depth.pdf,1591173,6e996091c58b96f1324e54a322e513e33ff8c2b8b76aef5d2e02bd6e0a5a9e22,22,10003,embedded_text,ok,
sources_part_2,12. Transformers/38. Transformers are RNNs_ Fast autoregressive transformers with linear attention.pdf,1728131,2e655ef4a8d85428b576c8e0827d68f1c97950318ba03c9887c5b019a9a332fd,17,8743,embedded_text,ok,
sources_part_2,12. Transformers/40. In-context learning and induction heads.pdf,9957060,9fa4a667e559431efac5bf1d9463f3b0005633e0b78f3ebbacfb901e4ed36e50,61,21381,embedded_text,ok,
sources_part_2,12. Transformers/41. Transformers learn in-context by gradient descent.pdf,2294443,1d132920d78f7680d13290d410671c8c6a14018d6c241717ef63338a44fb7c31,24,17115,embedded_text,ok,
sources_part_2,12. Transformers/42. What can transformers learn in-context_ A case study of simple function classes.pdf,3016976,6a8c536e9e1cad4f5afb732f192b1df486f71ce4b878388da63dfbcb2d9fc7e2,31,16095,embedded_text,ok,
sources_part_2,12. Transformers/43. Efficiently modeling long sequences with structured state spaces.pdf,3386172,872b4ef302312d04ef4d55610613c0e59da32c443a2e38552d7cebb7dc3636fa,32,16114,embedded_text,ok,
sources_part_2,12. Transformers/44. Mamba_ Linear-time sequence modeling with selective state spaces.pdf,1168615,adf70ed1803c85b1899dec3e21f3af0b124411439e8654b840ea65f7b9f52b2e,36,21354,embedded_text,ok,
sources_part_2,12. Transformers/45. The hidden attention of Mamba models.pdf,10221764,18880458caa07b5e1adb891e668c5f906b5f4054eceaad4fabc93ac742beeffe,27,10646,embedded_text,ok,
sources_part_2,"12. Transformers/46. Understanding the differences in foundation models_ Attention, state space models, and recurrent neural networks.pdf",1638477,7c8ac9f7041798badb4acb05e8299d76cf06dbff6df3829fa06a79dd29b7a0f5,26,14318,embedded_text,ok,
