1.000000000000000000e+00,4.690133192422242248e-01,5.764061353938205734e-01,4.176943440158388254e-01,2.457943124373408450e-01,7.505430590392430101e-01,-3.339573021412235998e-01,-2.205700791531409743e-01,-2.575384896014082381e-01,-9.221284683175993979e-02,-1.057495212830878301e-01,-3.711681464324222968e-01,1.394157488579535475e-01,-2.496177841611615586e-02,2.305342746779676377e-01,-3.684762400395493187e-01,-1.760194385058911071e-01,3.885450186846518134e-02,-2.277036679933094054e-01,-1.435259615419053059e-01,-3.873642081403686800e-03,-1.803820126240098520e-01,1.833553794748522814e-01,6.265104066121998660e-02,-2.938095391655922706e-01,-1.016371002264814249e-01,-1.448478767018850089e-01,-1.500050020540799611e-01,-2.831386251325305747e-01,-2.222106879859047923e-01
4.690133192422241692e-01,1.000000000000000000e+00,3.712546787480562882e-01,1.813870315526357468e-01,2.744755206478372012e-01,4.348724809106995770e-01,-2.171653234328952409e-01,-8.715099479083357470e-02,1.317290429779142957e-02,-5.840402145415485302e-02,1.136565633101370848e-01,-3.001598721948262050e-01,1.206495724808133302e-01,-1.118400622156973112e-01,7.156390799323533725e-02,-2.004908232348577568e-01,-1.325073689762822915e-01,-2.274913914855598851e-02,-3.120432729223485691e-01,-2.869269988300886531e-01,-2.039815578880678215e-01,-5.684034224338817554e-01,-3.548302558878909524e-02,-1.294281276924043877e-01,-1.752287129401103039e-01,-1.343926172172660860e-01,-2.656963046247188820e-01,-1.567097504831000410e-01,-2.092464614240256982e-01,-3.202945424658653617e-01
5.764061353938205734e-01,3.712546787480562882e-01,1.000000000000000000e+00,4.627977289473821920e-01,3.004756803402979792e-01,5.628209824908512182e-01,-5.084746995500611932e-01,-3.446716150900016595e-01,-3.252005944477830979e-01,-2.420000070796621827e-01,-6.582946385369675690e-02,-6.506540061380710060e-01,1.934032061766468302e-01,3.224972668588613200e-02,1.254740665722557658e-01,-2.034756572315504775e-01,-2.308642833647406994e-02,1.004352843863295791e-01,-2.987873589243650319e-01,-1.760108441510782606e-01,-1.232811117430764186e-01,-1.895436690347257203e-01,3.292789746347586366e-01,-1.740174481689953784e-02,-4.076757040148081268e-01,-2.138257160627600462e-01,-2.535776363807856759e-01,-2.689000975932371307e-01,-4.304651351354679689e-01,-2.239939251755443672e-01
4.176943440158388809e-01,1.813870315526357468e-01,4.627977289473821920e-01,1.000000000000000000e+00,8.142949563289769710e-02,4.250326128537811887e-01,-6.657111846437464564e-01,-6.010651542445829554e-01,-4.575157470127144133e-01,-2.493476105915934105e-01,-2.813885813061433594e-01,-4.465390909059340219e-01,5.222447142057733832e-02,-7.380567685199784789e-02,-3.065007065094546915e-02,-3.625703299488857723e-01,-1.156364233325392205e-01,2.018597905374735005e-02,-1.834837834461008066e-01,-1.523633166791723940e-02,-1.234381433323601673e-01,3.575760500558499040e-03,2.461129205082506766e-01,-3.835131361529436900e-02,-2.659501586597343148e-01,-8.979469334704963390e-02,-4.122143640504054990e-02,-1.705599817248585337e-01,-2.749877868964226146e-01,1.195854200813684359e-03
2.457943124373408172e-01,2.744755206478371456e-01,3.004756803402979792e-01,8.142949563289769710e-02,1.000000000000000000e+00,2.804311510496489412e-01,-8.375479474474445407e-02,5.571181033209299249e-02,-8.006331130654684158e-02,-1.378157897180435909e-01,2.398659096440000638e-01,-1.244422271399443780e-01,2.097203357525395107e-01,4.289434466899961357e-03,9.552021267168273044e-02,-8.110048095294074624e-03,-3.755185289210322824e-02,1.214023501998466870e-01,-9.409312362881580571e-02,-2.541313631745051316e-01,-6.527278727409276116e-02,-2.373885097095191909e-01,-1.413176543978225024e-03,-3.228070466910062247e-02,-2.563322778160845861e-01,-2.498113369474845302e-01,-3.509145341702940013e-01,-2.314100970061251095e-01,-3.505954731023113724e-01,-3.980709718299013655e-01
7.505430590392431212e-01,4.348724809106996325e-01,5.628209824908512182e-01,4.250326128537811887e-01,2.804311510496489412e-01,1.000000000000000000e+00,-3.327945892071033085e-01,-2.089439864059545460e-01,-3.455275258067169730e-01,-1.434118381030032308e-01,-6.329159182092461422e-02,-3.604144306300723910e-01,1.332364210460225962e-01,-3.517349108465843421e-02,1.931393536800264654e-01,-3.438362302308672902e-01,-2.133218913525549987e-01,6.240813504716761356e-02,-1.723854967765852675e-01,-1.623435277774253060e-01,-5.040908955379765771e-02,-1.759960805896675640e-01,2.068211319581612362e-01,4.395986154511763444e-02,-4.202928369318270629e-01,-1.515973283052556853e-01,-2.018039622889806761e-01,-2.407667483853800361e-01,-3.760459250646195906e-01,-2.784408281219171721e-01
-3.339573021412235998e-01,-2.171653234328952409e-01,-5.084746995500611932e-01,-6.657111846437464564e-01,-8.375479474474445407e-02,-3.327945892071033085e-01,1.000000000000000000e+00,7.124582073674697869e-01,3.730709882532357025e-01,2.815324277951286591e-01,2.739511231203199393e-01,6.189236068976161631e-01,-7.337733243337112021e-02,4.740187540378967140e-02,1.436424976346504512e-01,2.675180538095509597e-01,-4.202709336870878200e-03,-5.537093002663693447e-02,4.037641443345045267e-01,1.220687634495335461e-01,3.375946736535204717e-01,9.912440474167211191e-02,-1.299598732527035838e-01,1.818530135680545556e-01,2.854913065466150313e-01,1.146302018371487957e-01,1.510919193554584317e-01,2.017286749738530227e-01,3.075049114491926194e-01,5.142383821059389251e-03
-2.205700791531409743e-01,-8.715099479083357470e-02,-3.446716150900016595e-01,-6.010651542445829554e-01,5.571181033209299249e-02,-2.089439864059545460e-01,7.124582073674697869e-01,1.000000000000000000e+00,3.088510675756463986e-01,2.415674019973738096e-01,4.433301339664481588e-01,4.936550194180039375e-01,-1.197354474808155940e-02,2.040665027386495689e-02,8.447217478406918167e-02,2.840565283100773275e-01,-5.009485588859059757e-02,-2.771930628956259610e-03,2.484994555716795728e-01,-4.550297095281516380e-02,1.935632702176505182e-01,-7.778109433131692729e-02,-1.341349373823931823e-01,9.957241293112936709e-02,1.457883023207592055e-01,2.308449751150071574e-02,-2.227601822896136882e-02,5.948321352988480970e-02,1.605987624469991104e-01,-1.565874687810512866e-01
-2.575384896014082381e-01,1.317290429779143131e-02,-3.252005944477830979e-01,-4.575157470127144688e-01,-8.006331130654684158e-02,-3.455275258067169730e-01,3.730709882532357580e-01,3.088510675756463986e-01,1.000000000000000000e+00,3.701733590015250375e-01,1.793631078737475681e-01,3.051657057148601249e-01,-5.628034611746641352e-02,5.898529248005668357e-02,4.514528059410769650e-02,2.237329844875025064e-01,1.723527785025218417e-01,-8.036144228423050540e-02,4.089205487664178407e-02,-2.024041649126818304e-02,1.077311444068680263e-01,-1.146739211994661917e-01,-3.471421607856106650e-01,1.724601323885911752e-02,4.823133363303087062e-01,1.568012235078433680e-01,1.101487262832311353e-01,3.591117547577645785e-01,4.009897756213253728e-01,6.734296933731716284e-02
-9.221284683175993979e-02,-5.840402145415485996e-02,-2.420000070796621827e-01,-2.493476105915934105e-01,-1.378157897180435909e-01,-1.434118381030032308e-01,2.815324277951286591e-01,2.415674019973737818e-01,3.701733590015250930e-01,9.999999999999998890e-01,6.528832776149250117e-02,2.800422560623712087e-01,-1.377939506441094863e-01,5.811605524576997361e-02,6.819768143907736779e-02,1.374104122341917866e-01,3.512527558276371670e-02,-8.762533617204537606e-02,1.001357987431069352e-01,1.213714815618335136e-01,1.701277899577874064e-01,8.009114144991039130e-02,-9.749571372657694912e-02,1.017567006991086098e-01,3.857434082639183415e-01,2.366616498087720788e-01,2.202813493627179264e-01,4.787213962835079051e-01,4.922963538068433897e-01,1.029113858974937679e-01
-1.057495212830878301e-01,1.136565633101370987e-01,-6.582946385369675690e-02,-2.813885813061433594e-01,2.398659096440000638e-01,-6.329159182092461422e-02,2.739511231203198838e-01,4.433301339664481588e-01,1.793631078737475959e-01,6.528832776149250117e-02,1.000000000000000000e+00,2.875056377165237653e-01,3.395908611684653744e-01,4.721676921647590536e-02,9.027732044190222779e-03,3.091050373485925151e-01,6.402716427098359420e-03,8.190820856149838569e-02,2.269266472244290192e-02,-2.790763824132773685e-01,-1.919734966851847219e-02,-3.676017932257556464e-01,-1.502413834313822139e-01,-3.540473387168269204e-02,-2.539765788325261398e-02,-2.026575726884308759e-01,-3.242018162568340300e-01,-1.634856515153515211e-01,-1.219261425286220918e-01,-4.751302284560519062e-01
-3.711681464324223523e-01,-3.001598721948262050e-01,-6.506540061380708950e-01,-4.465390909059340774e-01,-1.244422271399443780e-01,-3.604144306300723910e-01,6.189236068976160521e-01,4.936550194180039375e-01,3.051657057148601249e-01,2.800422560623712087e-01,2.875056377165237653e-01,1.000000000000000000e+00,1.570969240967519040e-02,1.078430747190903816e-01,1.042100446234519029e-01,2.213037243626768402e-01,2.633124036165680835e-03,-6.031175924700138413e-02,4.088225541821789988e-01,1.485428790694939827e-01,3.363483596493157535e-01,1.623974198998139329e-01,-2.092517863430552738e-01,2.000272942542739851e-01,3.463632167002838602e-01,1.144393112888286435e-01,1.927772623430529797e-01,2.296633668000505890e-01,3.333340990786912705e-01,1.338122491476588169e-02
1.394157488579535753e-01,1.206495724808133441e-01,1.934032061766468580e-01,5.222447142057733832e-02,2.097203357525394829e-01,1.332364210460225962e-01,-7.337733243337112021e-02,-1.197354474808155940e-02,-5.628034611746641352e-02,-1.377939506441094863e-01,3.395908611684654299e-01,1.570969240967519040e-02,1.000000000000000000e+00,3.157461026265182547e-01,1.908158071336572836e-01,1.440521896967493221e-01,2.619174086945653124e-01,1.621307749389319375e-01,-2.879743354923395421e-02,-1.416901723408066638e-01,4.320128210428033494e-02,-1.610392774351909750e-01,-3.993923916389711948e-02,8.035416544296275498e-02,-1.326481716961976365e-01,-2.764669751239368645e-01,-2.266739992572354423e-01,-1.820296011989369078e-01,-2.668235913496121992e-01,-2.835342762230785296e-01
-2.496177841611615586e-02,-1.118400622156973112e-01,3.224972668588613200e-02,-7.380567685199786176e-02,4.289434466899962224e-03,-3.517349108465843421e-02,4.740187540378967140e-02,2.040665027386495689e-02,5.898529248005668357e-02,5.811605524576997361e-02,4.721676921647590536e-02,1.078430747190903954e-01,3.157461026265183102e-01,1.000000000000000000e+00,3.325928044694906327e-01,2.624182007734002231e-01,4.892389754099582544e-01,2.055525335693769995e-01,5.721746083403121685e-02,1.748347879209450895e-01,2.831685754421075507e-01,1.734662317624698080e-01,3.492818831003320634e-02,3.140499090202612531e-01,6.398904810831872181e-02,2.886575739782354464e-03,5.960362349337162968e-02,1.189607473569990609e-01,3.713899200784068905e-02,5.652642365834385091e-02
2.305342746779676377e-01,7.156390799323535112e-02,1.254740665722557658e-01,-3.065007065094546915e-02,9.552021267168274432e-02,1.931393536800264654e-01,1.436424976346504789e-01,8.447217478406918167e-02,4.514528059410768956e-02,6.819768143907736779e-02,9.027732044190222779e-03,1.042100446234518890e-01,1.908158071336572836e-01,3.325928044694906327e-01,1.000000000000000000e+00,6.338322595854925523e-02,1.639670343385064011e-01,8.946015526484366043e-02,1.171776835996220373e-01,1.991547581731307470e-01,5.295184036155878848e-01,1.323667835106731583e-01,1.169847834469664866e-01,4.160160257136900075e-01,3.376122387988893248e-02,2.904772694088179202e-02,1.227060655142157564e-01,1.214067997353614342e-01,3.428178890730453759e-02,-1.656043697965249237e-02
-3.684762400395493187e-01,-2.004908232348577568e-01,-2.034756572315504497e-01,-3.625703299488858278e-01,-8.110048095294072890e-03,-3.438362302308673457e-01,2.675180538095509042e-01,2.840565283100773830e-01,2.237329844875025064e-01,1.374104122341917866e-01,3.091050373485925151e-01,2.213037243626768402e-01,1.440521896967493221e-01,2.624182007734002231e-01,6.338322595854925523e-02,1.000000000000000000e+00,3.232584903811878685e-01,2.222220553346760386e-01,1.021542378605647672e-01,7.718508763865364330e-02,1.107335333693868634e-01,7.129793090126214372e-02,-7.625278722374936868e-02,1.126708302642040055e-01,1.133495004517482002e-01,-7.051461020233371069e-02,-4.759203953481375149e-02,9.600836200456153158e-02,8.921959891376904372e-02,-4.231972737635635723e-02
-1.760194385058911071e-01,-1.325073689762822915e-01,-2.308642833647407341e-02,-1.156364233325392343e-01,-3.755185289210322824e-02,-2.133218913525549987e-01,-4.202709336870878200e-03,-5.009485588859059757e-02,1.723527785025218417e-01,3.512527558276371670e-02,6.402716427098359420e-03,2.633124036165680835e-03,2.619174086945653124e-01,4.892389754099582544e-01,1.639670343385063733e-01,3.232584903811879240e-01,1.000000000000000000e+00,1.839653060312973210e-01,7.648565318938226054e-03,1.148684675575149527e-01,1.314683975767540203e-01,1.010112208407181328e-01,-1.236194845386943825e-01,1.565285474892298967e-01,1.632795131267420208e-01,-5.016559689972293484e-02,4.542631753666682981e-02,1.407458221722589498e-01,6.850410102910234333e-02,1.440737697989370458e-01
3.885450186846518134e-02,-2.274913914855598851e-02,1.004352843863295791e-01,2.018597905374735005e-02,1.214023501998466870e-01,6.240813504716761356e-02,-5.537093002663693447e-02,-2.771930628956259610e-03,-8.036144228423051927e-02,-8.762533617204538994e-02,8.190820856149838569e-02,-6.031175924700138413e-02,1.621307749389319097e-01,2.055525335693769995e-01,8.946015526484366043e-02,2.222220553346760386e-01,1.839653060312973210e-01,1.000000000000000000e+00,1.087412249506066776e-02,-8.035488171807343705e-02,3.089067330080076581e-03,-1.203528664199194275e-03,-1.138144171508958212e-02,1.385265708816794950e-01,-1.238510848083849564e-01,-1.307026714084314478e-01,-1.842997920253225952e-01,-1.283069726897297924e-01,-1.504604513541726585e-01,-9.136737509308491545e-02
-2.277036679933094054e-01,-3.120432729223485691e-01,-2.987873589243650874e-01,-1.834837834461008066e-01,-9.409312362881579184e-02,-1.723854967765852952e-01,4.037641443345045267e-01,2.484994555716795728e-01,4.089205487664177713e-02,1.001357987431069213e-01,2.269266472244290192e-02,4.088225541821789433e-01,-2.879743354923395074e-02,5.721746083403121685e-02,1.171776835996220373e-01,1.021542378605647672e-01,7.648565318938226922e-03,1.087412249506066776e-02,1.000000000000000000e+00,2.208587979526312473e-01,3.371327520005287237e-01,3.061357936446503225e-01,-2.365090477817443412e-03,2.397536354929635793e-01,1.577573203984918848e-01,2.862172113350567454e-02,2.179576950509324595e-01,1.226843561613152056e-01,1.339267184919616105e-01,4.741728163564003923e-02
-1.435259615419052781e-01,-2.869269988300887086e-01,-1.760108441510782329e-01,-1.523633166791723940e-02,-2.541313631745051316e-01,-1.623435277774253338e-01,1.220687634495335461e-01,-4.550297095281516380e-02,-2.024041649126818651e-02,1.213714815618335274e-01,-2.790763824132773685e-01,1.485428790694939827e-01,-1.416901723408066638e-01,1.748347879209451172e-01,1.991547581731307193e-01,7.718508763865364330e-02,1.148684675575149666e-01,-8.035488171807342317e-02,2.208587979526312750e-01,1.000000000000000000e+00,4.366873688751478078e-01,5.344448301545344782e-01,3.024863269353427198e-01,3.300146973318808796e-01,2.200162301453943703e-01,2.183233042619847908e-01,5.391674743456288388e-01,3.730164137137144675e-01,2.794634040322744317e-01,3.523586600630073673e-01
-3.873642081403687234e-03,-2.039815578880678215e-01,-1.232811117430764186e-01,-1.234381433323601673e-01,-6.527278727409276116e-02,-5.040908955379765771e-02,3.375946736535204717e-01,1.935632702176505460e-01,1.077311444068680263e-01,1.701277899577874064e-01,-1.919734966851847219e-02,3.363483596493157535e-01,4.320128210428033494e-02,2.831685754421075507e-01,5.295184036155878848e-01,1.107335333693868634e-01,1.314683975767540203e-01,3.089067330080076581e-03,3.371327520005286682e-01,4.366873688751477522e-01,1.000000000000000000e+00,3.489879782531865038e-01,1.923870678861506478e-01,6.027058450056693717e-01,2.003742796581719499e-01,1.056580650961580631e-01,3.528851765729942302e-01,2.923545999756139158e-01,1.898151690253753465e-01,1.217598415272348189e-01
-1.803820126240098243e-01,-5.684034224338817554e-01,-1.895436690347257203e-01,3.575760500558499040e-03,-2.373885097095191909e-01,-1.759960805896675640e-01,9.912440474167211191e-02,-7.778109433131692729e-02,-1.146739211994661778e-01,8.009114144991039130e-02,-3.676017932257555909e-01,1.623974198998139329e-01,-1.610392774351909750e-01,1.734662317624697803e-01,1.323667835106731583e-01,7.129793090126214372e-02,1.010112208407181328e-01,-1.203528664199194275e-03,3.061357936446503225e-01,5.344448301545343671e-01,3.489879782531865593e-01,9.999999999999998890e-01,2.198135033765616364e-01,2.707088347166110576e-01,1.533940095032275686e-01,2.132946729795013596e-01,4.217778584815488063e-01,2.762251731683276201e-01,2.229501146365692188e-01,3.906818438002303551e-01
1.833553794748522536e-01,-3.548302558878909524e-02,3.292789746347586366e-01,2.461129205082506766e-01,-1.413176543978225024e-03,2.068211319581612084e-01,-1.299598732527036116e-01,-1.341349373823931823e-01,-3.471421607856106650e-01,-9.749571372657694912e-02,-1.502413834313822139e-01,-2.092517863430552183e-01,-3.993923916389711254e-02,3.492818831003321328e-02,1.169847834469664727e-01,-7.625278722374935481e-02,-1.236194845386943686e-01,-1.138144171508958212e-02,-2.365090477817443412e-03,3.024863269353426642e-01,1.923870678861506478e-01,2.198135033765616364e-01,1.000000000000000000e+00,2.070735469111406046e-01,-2.488830617093689135e-01,1.015703269264648084e-03,9.949410873354350149e-02,-3.359709798758336169e-02,-1.214969099730694030e-01,1.519741764221836655e-02
6.265104066121998660e-02,-1.294281276924043600e-01,-1.740174481689953784e-02,-3.835131361529436900e-02,-3.228070466910062247e-02,4.395986154511763444e-02,1.818530135680545556e-01,9.957241293112936709e-02,1.724601323885911752e-02,1.017567006991086237e-01,-3.540473387168269898e-02,2.000272942542740129e-01,8.035416544296275498e-02,3.140499090202612531e-01,4.160160257136900075e-01,1.126708302642040055e-01,1.565285474892299244e-01,1.385265708816794950e-01,2.397536354929635793e-01,3.300146973318808796e-01,6.027058450056693717e-01,2.707088347166110576e-01,2.070735469111406046e-01,1.000000000000000000e+00,6.290660626219594931e-02,3.496443422835213144e-02,1.967892253356719467e-01,1.728707986793770746e-01,8.252799515847922263e-02,6.411965602657292151e-02
-2.938095391655923261e-01,-1.752287129401103039e-01,-4.076757040148080713e-01,-2.659501586597343703e-01,-2.563322778160845861e-01,-4.202928369318270629e-01,2.854913065466150313e-01,1.457883023207592055e-01,4.823133363303087062e-01,3.857434082639183415e-01,-2.539765788325261744e-02,3.463632167002839157e-01,-1.326481716961976365e-01,6.398904810831872181e-02,3.376122387988893248e-02,1.133495004517482002e-01,1.632795131267420208e-01,-1.238510848083849702e-01,1.577573203984919126e-01,2.200162301453943980e-01,2.003742796581719221e-01,1.533940095032275963e-01,-2.488830617093689412e-01,6.290660626219596319e-02,9.999999999999997780e-01,3.268024097813987394e-01,3.940966989211440175e-01,6.106716451967738601e-01,6.367299126988453795e-01,3.149571403568316996e-01
-1.016371002264814388e-01,-1.343926172172660860e-01,-2.138257160627600739e-01,-8.979469334704963390e-02,-2.498113369474845302e-01,-1.515973283052556853e-01,1.146302018371487819e-01,2.308449751150071574e-02,1.568012235078433680e-01,2.366616498087720788e-01,-2.026575726884308759e-01,1.144393112888286296e-01,-2.764669751239368090e-01,2.886575739782354464e-03,2.904772694088179202e-02,-7.051461020233371069e-02,-5.016559689972293484e-02,-1.307026714084314201e-01,2.862172113350567801e-02,2.183233042619847908e-01,1.056580650961580631e-01,2.132946729795013596e-01,1.015703269264648084e-03,3.496443422835213144e-02,3.268024097813987394e-01,9.999999999999997780e-01,3.312159876616230236e-01,3.558353770653164272e-01,4.942219023399007094e-01,3.416649045992830036e-01
-1.448478767018850089e-01,-2.656963046247188820e-01,-2.535776363807856759e-01,-4.122143640504054296e-02,-3.509145341702940568e-01,-2.018039622889806761e-01,1.510919193554584039e-01,-2.227601822896136882e-02,1.101487262832311353e-01,2.202813493627178987e-01,-3.242018162568340300e-01,1.927772623430529797e-01,-2.266739992572354145e-01,5.960362349337163662e-02,1.227060655142157702e-01,-4.759203953481375843e-02,4.542631753666682287e-02,-1.842997920253225952e-01,2.179576950509324318e-01,5.391674743456288388e-01,3.528851765729942302e-01,4.217778584815488618e-01,9.949410873354350149e-02,1.967892253356719190e-01,3.940966989211439619e-01,3.312159876616229681e-01,1.000000000000000000e+00,4.451616931278489786e-01,4.576146179256980195e-01,4.472887031458486762e-01
-1.500050020540799889e-01,-1.567097504831000132e-01,-2.689000975932370752e-01,-1.705599817248585337e-01,-2.314100970061250817e-01,-2.407667483853800361e-01,2.017286749738530227e-01,5.948321352988480970e-02,3.591117547577646341e-01,4.787213962835078496e-01,-1.634856515153515211e-01,2.296633668000505890e-01,-1.820296011989369078e-01,1.189607473569990748e-01,1.214067997353614342e-01,9.600836200456151770e-02,1.407458221722589498e-01,-1.283069726897297924e-01,1.226843561613151917e-01,3.730164137137145230e-01,2.923545999756138603e-01,2.762251731683276756e-01,-3.359709798758336169e-02,1.728707986793770468e-01,6.106716451967738601e-01,3.558353770653164272e-01,4.451616931278489231e-01,1.000000000000000000e+00,6.202114862471654888e-01,3.372255927706592216e-01
-2.831386251325305747e-01,-2.092464614240256982e-01,-4.304651351354680244e-01,-2.749877868964226146e-01,-3.505954731023113724e-01,-3.760459250646195906e-01,3.075049114491926194e-01,1.605987624469991104e-01,4.009897756213253728e-01,4.922963538068433342e-01,-1.219261425286220918e-01,3.333340990786912705e-01,-2.668235913496121992e-01,3.713899200784069599e-02,3.428178890730454453e-02,8.921959891376904372e-02,6.850410102910234333e-02,-1.504604513541726585e-01,1.339267184919615827e-01,2.794634040322744317e-01,1.898151690253753465e-01,2.229501146365692188e-01,-1.214969099730694030e-01,8.252799515847922263e-02,6.367299126988453795e-01,4.942219023399006539e-01,4.576146179256980195e-01,6.202114862471654888e-01,1.000000000000000000e+00,3.959871726806769021e-01
-2.222106879859047923e-01,-3.202945424658653617e-01,-2.239939251755443672e-01,1.195854200813684142e-03,-3.980709718299014210e-01,-2.784408281219171721e-01,5.142383821059388384e-03,-1.565874687810512866e-01,6.734296933731716284e-02,1.029113858974937679e-01,-4.751302284560519062e-01,1.338122491476588169e-02,-2.835342762230785296e-01,5.652642365834385091e-02,-1.656043697965249237e-02,-4.231972737635636417e-02,1.440737697989370736e-01,-9.136737509308491545e-02,4.741728163564003923e-02,3.523586600630073673e-01,1.217598415272348189e-01,3.906818438002304106e-01,1.519741764221836829e-02,6.411965602657290764e-02,3.149571403568316996e-01,3.416649045992830036e-01,4.472887031458486762e-01,3.372255927706592216e-01,3.959871726806769021e-01,1.000000000000000000e+00
